,C21,C25_Overall,C26_Overall
C21,1,0.135619502,0.77496231
C25_Overall,0.158405849,1,0.296970822
C26_Overall,0.750359067,0.251414719,1
